n_observations,mean_return,std_return,annual_return,annual_volatility,var_95,cvar_95,var_99,cvar_99,sharpe_ratio,sortino_ratio,skewness,kurtosis,percentile_5,percentile_95,max_drawdown,duration_days,current_drawdown,regime,frequency_pct
1314,0.0006591136953726291,0.005654690750595416,0.16609665123390252,0.08976543280231582,-0.00874248151470548,-0.013045957534830387,-0.016208134470610796,-0.01837446371326537,1.6275379806349404,2.2726547015376286,-0.38482921558882405,1.2757794910862543,-0.00874248151470548,0.009713777656819482,-0.05751447777860397,56,-0.0028970186885768972,0,34.61538461538461
894,0.0006346163543361294,0.010823336292140795,0.15992332129270462,0.17181513711014684,-0.018817680464448015,-0.02537773795074801,-0.029588119498380364,-0.035052641838882466,0.8143829679162838,1.1016992949550344,-0.530564465923925,0.6580020536110207,-0.018817680464448015,0.017086626887339033,-0.1987384651829173,180,-0.017796502185191847,1,23.55110642781876
1100,0.00041303100779279013,0.008029780512198294,0.10408381396378312,0.12746881390625722,-0.014060242566571754,-0.018946414768293146,-0.02227722471256339,-0.025939614955636316,0.6596422402237132,0.8971741835151972,-0.45207604361883374,0.9715063961378219,-0.014060242566571755,0.012524903060719586,-0.11727236837531169,107,-0.0058336747409342615,2,28.97787144362487
488,0.00021853173114234938,0.021579771442926075,0.055069996247872045,0.3425682515255753,-0.033702729171170634,-0.05206775841836806,-0.059500724797939344,-0.08508686676494762,0.10237374914836149,0.13369970769408343,-0.34686939943903744,4.35833114644245,-0.033702729171170634,0.030337087656751013,-0.30444463531211957,141,-0.019769609787141557,3,12.85563751317176
