n_observations,mean_return,std_return,annual_return,annual_volatility,var_95,cvar_95,var_99,cvar_99,sharpe_ratio,sortino_ratio,skewness,kurtosis,percentile_5,percentile_95,max_drawdown,duration_days,current_drawdown,regime,frequency_pct
1159,-0.0011607208260080266,0.03203499227575763,-0.2925016481540227,0.5085397368811787,-0.052989654657738805,-0.07669562442383106,-0.09079918588787661,-0.1047367768397242,-0.6145078260168277,-0.8727929627681139,-0.1645018919950903,1.5832311049585597,-0.052989654657738826,0.04656299865154034,-0.6535112261170386,345,-0.14330549739932402,0,31.545998911268374
912,0.0022051088116386143,0.039298928218492485,0.5556874205329309,0.6238511451450584,-0.05933986594442084,-0.08550380575628054,-0.09493778754525525,-0.12742029730740217,0.8586782675671332,1.2983304112108085,0.04125478498850754,1.8123641121904326,-0.059339865944420894,0.06757592056390735,-0.7271999902020612,248,-0.31302879181523935,1,24.82308111050626
1117,0.0017211866662703024,0.021889787047824048,0.4337390399001162,0.347489596684231,-0.034722077250815594,-0.04729412003325899,-0.051269145539376934,-0.06692708323622311,1.1906515874087793,1.8054583115452112,-0.10661882486573644,1.0598591462356648,-0.0347220772508156,0.03656062488566843,-0.44782735426318915,465,-0.019253323313789678,2,30.4028307022319
486,0.00593552974566199,0.057497664181285615,1.4957534959068215,0.9127471223447279,-0.07637178348847146,-0.13082572776552895,-0.16862833612494446,-0.20400505001694613,1.6168262378256575,2.2576162539322575,-0.08449510453330424,2.670786078892884,-0.07637178348847147,0.10396606473277266,-0.6537919489653499,101,-0.0943733146737445,3,13.228089275993469
